machine,std_vibration
Machine 02,2.9449720291447448
Machine 01,2.8966462082096225
Machine 03,2.757679008793675
